source|url|title|publication_date|scraping_date|section|full_text|language|_discard_reason
lavozdegoicoechea|https://lavozdegoicoechea.com/sobre-nosotros/|Sobre Nosotros||2026-05-23 13:36:39|Noticia|"Somos un medio de comunicación digital independiente con enfoque de derechos humanos y sin ánimo de lucro, dirigido por un equipo de periodistas profesionales, con corresponsales y colaboradores en diferentes partes del país y el mundo.

Tiene como objetivo hacer periodismo pluralista, riguroso, independiente y honesto, en el que predomine sobre todo el interés general de los ciudadanos, especialmente los más débiles, los que cada vez son más invisibles para los medios de comunicación tradicionales.

La misión es informar temas de interés entre los que destacan de política, sociales, deportes, comunales, educación, cultura, ambiente, seguridad ciudadana, comercio, etc.).

Queremos recuperar la función social del periodismo independiente y el concepto de servicio público al ciudadano y no al servicio de intereses económicos y políticos particulares. La información no es una simple mercancía o negocio, sino un bien público y un derecho.

Vamos hacer periodismo profesional sin ánimo de lucro, aunque sabemos que el periodismo cuesta dinero y que los periodistas también comen, así que esperamos que los ciudadanos, organizaciones e instituciones públicas y privadas asuman la necesidad y utilidad pública del periodismo humano que proponemos y que contribuyan en la medida de sus posibilidades a financiarlo.

Licda. Stephanie Bogantes

-Nabil Mouaffak -Gerardo Perez -Daniel Román -Victor Córdoba -Lisandro Prieto"|es|Campo obligatorio nulo: publication_date
lavozdegoicoechea|https://lavozdegoicoechea.com/contact/|Contacto||2026-05-23 13:36:39|Noticia|"Urb. Santa María, San José, Ipis, 10508Goicoechea – San José

+506 6226 2075Lunes – Viernes, 8:00-16:00

info@lavozdegoicoechea.com

Algo más que Palabras: Lo Bueno y lo Bello, Son Inherentes, a la Cultura del Cuidado

IFAM y Gobierno Fortalecen Coordinación con Municipalidades para Atender Temas Prioritarios del País

Piscina Semiolímpica de Goicoechea Permanecerá Cerrada hasta el 25 de mayo

Clínica de Guadalupe Trasladará Consulta Externa y Ebais a Nuevo Edificio desde Junio"|es|Campo obligatorio nulo: publication_date
lavozdegoicoechea|https://lavozdegoicoechea.com/privacy-policy/|Política de privacidad -||2026-05-23 13:36:39|Noticia|"La Voz de Goicoechea – www.lavozdegoicoechea.com

En La Voz de Goicoechea respetamos la privacidad de nuestros lectores, usuarios y clientes. Esta política de privacidad explica cómo recopilamos, utilizamos y protegemos la información que se obtiene a través de nuestro sitio web. Al utilizar nuestros servicios, usted acepta los términos aquí descritos.

1. Información que recopilamos

Datos personales proporcionados voluntariamente (nombre, correo electrónico u otros) cuando el usuario se registra, comenta o nos contacta.

Información técnica de navegación (dirección IP, navegador, dispositivo, cookies) para mejorar la experiencia del usuario.

2. Uso de la información

La información recopilada se utiliza únicamente para:

Mejorar la experiencia de navegación.

Responder consultas y solicitudes de contacto.

Compartir noticias, boletines o información relevante (cuando el usuario lo autorice).

Este sitio utiliza cookies para mejorar la experiencia de usuario, medir el tráfico y personalizar el contenido mostrado. El usuario puede desactivar las cookies en su navegador, aunque algunas funciones podrían no funcionar correctamente.

4. Comentarios y participación del usuario

Los comentarios expresados en las secciones de opinión, derechos de respuesta, reclamos del pueblo, campos pagados, negociemos, y en la opinión de los lectores y comentarios de terceros al final de las notas o en las páginas de redes sociales, son responsabilidad exclusiva de sus autores.

La Voz de Goicoechea es un medio de comunicación independiente, y no toma como suyas dichas opiniones, por lo que no se responsabiliza por el contenido emitido por terceros.

5. Propiedad intelectual e imágenes

Todas las imágenes que muestra este medio se utilizan únicamente con fines ilustrativos. Se respetan todos los derechos de autor según corresponda en cada caso, siendo nuestra principal labor informar a nuestros lectores.

6. Enlaces a terceros

Nuestro sitio puede contener enlaces a páginas externas. No somos responsables de las prácticas de privacidad ni del contenido de dichos sitios.

Adoptamos medidas razonables para proteger la información de nuestros usuarios. Sin embargo, ningún sistema es 100% seguro, por lo que no podemos garantizar la seguridad absoluta de la información transmitida en línea.

Nos reservamos el derecho de actualizar o modificar esta Política de Privacidad en cualquier momento. La versión vigente siempre estará publicada en este sitio web.

Para consultas relacionadas con esta política, puede escribirnos al correo: info@lavozdegoicoechea.com o al teléfono +506 6226-2075."|es|Campo obligatorio nulo: publication_date
